temp_component,sla_component,cost_component
4.04,0.0,0.0
4.0,0.0,0.0
4.0,0.0,0.0
4.0,0.0,0.0
4.0,0.0,0.0
4.04,0.0,0.0
4.575,0.0,0.0
4.0,0.0,0.0
4.0,0.0,0.0
4.075,0.0,0.0
4.04,0.0,0.0
4.0,0.0,0.0
4.115,0.0,0.0
4.08,0.0,0.0
4.0,0.0,0.0
4.115,0.0,0.0
4.6049999999999995,0.0,0.0
4.0,0.0,0.0
4.04,0.0,0.0
4.0,0.0,0.0
4.0,0.0,0.0
4.0,0.0,0.0
4.0,0.0,0.0
4.08,0.0,0.0
4.0,0.0,0.0
4.155,0.0,0.0
4.04,0.0,0.0
4.04,0.0,0.0
4.0,0.0,0.0
4.0,0.0,0.0
4.0,0.0,0.0
4.0,0.0,0.0
4.155,0.0,0.0
4.115,0.0,0.0
4.19,0.0,0.0
4.075,0.0,0.0
4.08,0.0,0.0
4.415,0.0,0.0
4.0,0.0,0.0
4.0,0.0,0.0
4.04,0.0,0.0
4.0,0.0,0.0
4.04,0.0,0.0
4.0,0.0,0.0
4.0,0.0,0.0
4.0,0.0,0.0
4.0,0.0,0.0
4.54,0.0,0.0
4.0,0.0,0.0
4.0,0.0,0.0
4.15,0.0,0.0
4.19,0.0,0.0
4.0,0.0,0.0
4.0,0.0,0.0
4.04,0.0,0.0
4.0,0.0,0.0
4.0,0.0,0.0
4.99,0.0,0.0
4.08,0.0,0.0
4.0,0.0,0.0
4.0,0.0,0.0
4.0,0.0,0.0
4.115,0.0,0.0
4.0,0.0,0.0
4.0,0.0,0.0
4.0,0.0,0.0
4.0,0.0,0.0
4.0,0.0,0.0
4.0,0.0,0.0
4.04,0.0,0.0
4.04,0.0,0.0
4.0,0.0,0.0
4.0,0.0,0.0
4.0,0.0,0.0
4.0,0.0,0.0
4.0,0.0,0.0
4.0,0.0,0.0
4.0,0.0,0.0
4.75,0.0,0.0
4.0,0.0,0.0
4.075,0.0,0.0
4.0,0.0,0.0
4.0,0.0,0.0
4.0,0.0,0.0
4.0,0.0,0.0
4.195,0.0,0.0
4.0,0.0,0.0
4.08,0.0,0.0
5.055,0.0,0.0
4.0,0.0,0.0
4.0,0.0,0.0
4.0,0.0,0.0
4.075,0.0,0.0
4.0,0.0,0.0
4.0,0.0,0.0
4.04,0.0,0.0
4.3500000000000005,0.0,0.0
4.08,0.0,0.0
4.510000000000001,0.0,0.0
4.04,0.0,0.0
