episode,reward
1,-1749.2266790296287
2,-1723.8739389205994
3,-1700.973897141842
