episode,reward
1,-1744.6107029942164
2,-1824.5432177591183
3,-1716.4806964500076
