episode,reward
1,-1733.260584837358
2,-1735.0464444410266
3,-1694.392282042549
