episode,reward
1,-1872.7389507848973
2,-1869.9161687183796
3,-1756.4596573350248
