episode,reward
1,-1704.10277278227
2,-1762.5689076399979
3,-1736.5924311301333
